Feature,Importance
num__PM2.5,0.4701407111395425
num__CO,0.36691891441848934
num__NO,0.03262768147430706
num__PM10,0.02092872199154855
num__Particulate_Load,0.00840997759493291
num__O3,0.00792569248974431
num__Total_Pollution,0.007025008532917868
num__NOx,0.004806385384749238
num__SO2,0.003975588410168498
num__Gas_Pollution,0.0035825074342961524
num__NO2,0.003422469898416987
num__Day,0.0033405035056269096
num__Toluene,0.0027686892373034976
num__DayOfYear,0.002721483349859874
num__NOx_NO2_Ratio,0.002689725082715325
num__PM_Ratio,0.0023137357197169435
num__Year,0.0021752718427796277
num__Benzene,0.0020555420609744573
num__Xylene,0.001903313394382782
num__DayOfWeek,0.001103401248214334
